Business Name,Doing Business As,Date of Breach,End Date,Date Reported,ND Residents Affected,Notification Document
BankNorth,,2/18/2020,,9/17/2020,624,https://attorneygeneral.nd.gov/sites/ag/files/documents/DataBreach/2020-09-17-BankNorth.pdf
Mercy Corp,,2/7/2020,5/20/2020,9/15/2020,697,https://attorneygeneral.nd.gov/sites/ag/files/documents/DataBreach/2020-09-15-MercyCorps.pdf
Lakes & Prairies Community Action Partnership,,2/7/2020,5/20/2020,9/14/2020,325,https://attorneygeneral.nd.gov/sites/ag/files/documents/DataBreach/2020-09-14-LakesPrairiesCAP.PDF
Valley City State University Foundation,,2/7/2020,5/20/2020,9/10/2020,4334,https://attorneygeneral.nd.gov/sites/ag/files/documents/DataBreach/2020-09-10-ValleyCityState.pdf
Assurance IQ LLC,,8/1/2019,,9/10/2020,892,https://attorneygeneral.nd.gov/sites/ag/files/documents/DataBreach/2020-09-10-AssuranceIQ.pdf
Brown University,,2/7/2020,5/20/2020,9/10/2020,17,https://attorneygeneral.nd.gov/sites/ag/files/documents/DataBreach/2020-09-10-BrownUniversity.pdf
Minot State University Development Foundation,,2/7/2020,5/20/2020,9/9/2020,12317,https://attorneygeneral.nd.gov/sites/ag/files/documents/DataBreach/2020-09-09-MinotStateUniversity.pdf
Society for Science and the Public,,2/7/2020,5/20/2020,9/9/2020,439,https://attorneygeneral.nd.gov/sites/ag/files/documents/DataBreach/2020-09-09-SocietyforScience.pdf
PKD Foundation,,2/7/2020,5/20/2020,9/4/2020,741,https://attorneygeneral.nd.gov/sites/ag/files/documents/DataBreach/2020-09-04-PKDFoundation.pdf
University of Missouri - Columbia,,2/7/2020,5/20/2020,9/4/2020,271,https://attorneygeneral.nd.gov/sites/ag/files/documents/DataBreach/2020-09-04-UniversityMO-Columbia.pdf
The Actuarial Foundation,,2/7/2020,5/20/2020,9/2/2020,3,https://attorneygeneral.nd.gov/sites/ag/files/documents/DataBreach/2020-09-02-ActuarialFoundation.pdf
Hamline University,,2/7/2020,5/20/2020,9/2/2020,961,https://attorneygeneral.nd.gov/sites/ag/files/documents/DataBreach/2020-09-02-HamlineUniversity.pdf
American Bible Society,,2/7/2020,5/20/2020,8/31/2020,4270,https://attorneygeneral.nd.gov/sites/ag/files/documents/DataBreach/2020-08-31-AmericanBibleSociety.pdf
Omicron Delta Kappa Society,,2/7/2020,5/20/2020,8/27/2020,342,https://attorneygeneral.nd.gov/sites/ag/files/documents/DataBreach/2020-08-27-OmicronDeltaKappaSociety.PDF
California Baptist University,,2/7/2020,5/20/2020,8/27/2020,16,https://attorneygeneral.nd.gov/sites/ag/files/documents/DataBreach/2020-08-27-CaliforniaBaptistUniversity.PDF
Arbiter Sports,,6/1/2020,7/31/2020,8/24/2020,1339,https://attorneygeneral.nd.gov/sites/ag/files/documents/DataBreach/2020-08-24-ArbiterSports.pdf
Catholic Foundation of Western North Dakota,,2/7/2020,5/20/2020,8/24/2020,1236,https://attorneygeneral.nd.gov/sites/ag/files/documents/DataBreach/2020-08-24-CatholicFoundation-WesternND.pdf
"Dave, Inc.",,6/23/2020,7/1/2020,8/21/2020,533,https://attorneygeneral.nd.gov/sites/ag/files/documents/DataBreach/2020-08-21-DaveInc..PDF
National Parks Conservation Association,,2/7/2020,5/20/2020,8/21/2020,391,https://attorneygeneral.nd.gov/sites/ag/files/documents/DataBreach/2020-08-21-NationalParksConservationAssoc.pdf
Washington State University Foundation,,2/7/2020,5/20/2020,8/21/2020,351,https://attorneygeneral.nd.gov/sites/ag/files/documents/DataBreach/2020-08-21WSUFoundation.pdf
Diocese of Bismarck,Catholic Indian Mission,2/7/2020,5/20/2020,8/21/2020,16525,https://attorneygeneral.nd.gov/sites/ag/files/documents/DataBreach/2020-08-19-DioceseBismarck.PDF
Boy Scouts of America,,2/7/2020,5/20/2020,8/21/2020,128303,https://attorneygeneral.nd.gov/sites/ag/files/documents/DataBreach/2020-08-21-BoyScoutsofAmerica.pdf
Heifer Project International,,2/7/2020,5/20/2020,8/21/2020,4368,https://attorneygeneral.nd.gov/sites/ag/files/documents/DataBreach/2020-08-21-HeiferProjectInternational.pdf
"Mammoth Media, Inc.",,1/27/2020,,8/18/2020,Unknown,https://attorneygeneral.nd.gov/sites/ag/files/documents/DataBreach/2020-08-18-MammothMedia.pdf
Planned Parenthood Federation of America,,2/7/2020,5/20/2020,8/17/2020,1283,https://attorneygeneral.nd.gov/sites/ag/files/documents/DataBreach/2020-08-17-PlannedParenthoodFederation.pdf
March of Dimes,,2/7/2020,5/20/2020,8/17/2020,66270,https://attorneygeneral.nd.gov/sites/ag/files/documents/DataBreach/2020-08-17-MarchofDimes.pdf
Save the Children,,2/7/2020,5/20/2020,8/17/2020,1681,https://attorneygeneral.nd.gov/sites/ag/files/documents/DataBreach/2020-08-17-SavetheChildren.pdf
University of St. Thomas,,2/1/2020,5/31/2020,8/14/2020,751,https://attorneygeneral.nd.gov/sites/ag/files/documents/DataBreach/2020-08-14-StThomasU.pdf
University of Minnesota Foundation,,2/1/2020,5/31/2020,8/14/2020,5061,https://attorneygeneral.nd.gov/sites/ag/files/documents/DataBreach/2020-08-14-UMinnesotaFoundation.pdf
Filters Fast LLC,,7/15/2020,,8/14/2020,755,https://attorneygeneral.nd.gov/sites/ag/files/documents/DataBreach/2020-08-14-FiltersFast.pdf
Boston University,,2/7/2020,5/20/2020,8/14/2020,141,https://attorneygeneral.nd.gov/sites/ag/files/documents/DataBreach/2020-08-14-BostonUniversity.pdf
ACLU,,2/7/2020,5/20/2020,8/14/2020,901,https://attorneygeneral.nd.gov/sites/ag/files/documents/DataBreach/2020-08-14-ACLU.pdf
National Fallen Firefighters Foundation,,2/1/2020,5/31/2020,8/13/2020,5,https://attorneygeneral.nd.gov/sites/ag/files/documents/DataBreach/2020-08-13-NatFallenFirefightersFoundation.pdf
New England Conservatory of Music,,5/1/2020,5/31/2020,8/10/2020,9,https://attorneygeneral.nd.gov/sites/ag/files/documents/DataBreach/2020-08-10-NewEnglandConservatory.pdf
Planned Parenthood of the Rocky Mountains,,2/7/2020,5/20/2020,8/10/2020,11,https://attorneygeneral.nd.gov/sites/ag/files/documents/DataBreach/2020-08-10-PlannedParenthoodRockyMountain.pdf
Center for Enriched Living,,2/7/2020,5/20/2020,8/10/2020,1,https://attorneygeneral.nd.gov/sites/ag/files/documents/DataBreach/2020-08-10-CenterForEnrichedLiving.pdf
"Scholarship America, Inc.",,4/28/2020,,8/6/2020,2508,https://attorneygeneral.nd.gov/sites/ag/files/documents/DataBreach/2020-08-05-ScholarshipAmerica.pdf
St. John's Jesuit High School & Academy,,2/7/2020,5/20/2020,8/4/2020,2,https://attorneygeneral.nd.gov/sites/ag/files/documents/DataBreach/2020-08-04-StJohnsJesuitHS.pdf
"Americares Foundation, Inc.",,2/7/2020,5/20/2020,8/3/2020,130,https://attorneygeneral.nd.gov/sites/ag/files/documents/DataBreach/2020-08-03-AmericaresFoundation.PDF
Herbaria,,6/11/2020,7/15/2020,8/3/2020,1,https://attorneygeneral.nd.gov/sites/ag/files/documents/DataBreach/2020-08-03-Herbaria.pdf
"Steel Partners Holdings, LP",,5/29/2020,,8/3/2020,467,https://attorneygeneral.nd.gov/sites/ag/files/documents/DataBreach/2020-08-02-SteelPartnersND.pdf
George W. Bush Presidential Center,,5/1/2020,,7/31/2020,103,https://attorneygeneral.nd.gov/sites/ag/files/documents/DataBreach/2020-07-31-GeorgeWBushPresCenter.pdf
YogaFit,,4/11/2020,5/27/2020,7/23/2020,6,https://attorneygeneral.nd.gov/sites/ag/files/documents/DataBreach/2020-07-23-YogaFit.pdf
Fetch Rewards,,6/6/2020,,7/14/2020,16735,https://attorneygeneral.nd.gov/sites/ag/files/documents/DataBreach/2020-07-14-FetchRewards.pdf
Morgan Stanley,,1/1/2016,12/31/2019,7/14/2020,20399,https://attorneygeneral.nd.gov/sites/ag/files/documents/DataBreach/2020-07-14-MorganStanley.pdf
Good Samaritan Hospital,,10/28/2019,11/8/2019,7/1/2020,2,https://attorneygeneral.nd.gov/sites/ag/files/documents/DataBreach/2020-07-01-GoodSamaritanHospital.pdf
Gonzalez CPA,,Unknown,,6/18/2020,1,https://attorneygeneral.nd.gov/sites/ag/files/documents/DataBreach/2020-06-18-GonzalezCPA.pdf
Magellan Health Inc.,,4/6/2020,4/12/2020,6/18/2020,346,https://attorneygeneral.nd.gov/sites/ag/files/documents/DataBreach/2020-06-18-MagellanHealth.pdf
"Zoosk, Inc.",,1/20/2020,,6/11/2020,22510,https://attorneygeneral.nd.gov/sites/ag/files/documents/DataBreach/2020-06-11-Zoosk.pdf
"Minted, LLC",,5/6/2020,,5/28/2020,36,https://attorneygeneral.nd.gov/sites/ag/files/documents/DataBreach/2020-05-28-Minted.pdf
PADI Worldwide,,5/7/2020,,5/26/2020,5327,https://attorneygeneral.nd.gov/sites/ag/files/documents/DataBreach/2020-05-26-PADI-Worldwide.pdf
Riverwood Healthcare Center,,2/18/2020,,5/11/2020,3,https://attorneygeneral.nd.gov/sites/ag/files/documents/DataBreach/2020-05-11-RiverwoodHealthcare.pdf
"Volusion, LLC",,9/9/2019,10/8/2019,4/20/2020,1119,https://attorneygeneral.nd.gov/sites/ag/files/documents/DataBreach/2020-04-20-Volusion.pdf
"Cortex Systems, LLC",,2/4/2020,,4/14/2020,1938,https://attorneygeneral.nd.gov/sites/ag/files/documents/DataBreach/2020-04-14-CortexSystems.pdf
"Wahl Law Firm, PLLC",,12/4/2019,,4/3/2020,4,https://attorneygeneral.nd.gov/sites/ag/files/documents/DataBreach/2020-04-02-WahlLaw.pdf
Affordacare Urgent Care Clinics,,2/1/2020,,3/31/2020,12,https://attorneygeneral.nd.gov/sites/ag/files/documents/DataBreach/2020-03-31-Affordacare.pdf
"Avalon Healthcare Management, Inc.",,7/9/2019,8/5/2019,3/16/2020,3,https://attorneygeneral.nd.gov/sites/ag/files/documents/DataBreach/2020-03-16-Avalon.pdf
"Avalon Health Care Management, Inc.",,7/9/2019,,3/16/2020,4,https://attorneygeneral.nd.gov/sites/ag/files/documents/DataBreach/2020-03-16-Avalon.pdf
"Woods & Woods, LLC",,2/1/2020,2/25/2020,3/11/2020,29,https://attorneygeneral.nd.gov/sites/ag/files/documents/DataBreach/2020-03-11-WoodsWoodsLLC.pdf
Carnival Corporation,"Carnival, Holland America, Princess Cruises",4/11/2019,7/23/2019,3/9/2020,205,https://attorneygeneral.nd.gov/sites/ag/files/documents/DataBreach/2020-03-02-Carnival.pdf
Otis R. Bowen Center for Human Services,Bowen Center,1/28/2020,,3/2/2020,2,https://attorneygeneral.nd.gov/sites/ag/files/documents/DataBreach/2020-03-02-BowenCenter.pdf
"Golden Entertainment, Inc.",,5/30/2019,10/6/2019,1/31/2020,901,https://attorneygeneral.nd.gov/sites/ag/files/documents/DataBreach/2020-01-31-GoldenEntertainment.pdf
A&S Construction Co.,,9/16/2019,,1/29/2020,2,https://attorneygeneral.nd.gov/sites/ag/files/documents/DataBreach/2020-01-29-ASConstructionCo.pdf
The USP Store,,9/29/2019,1/13/2020,1/20/2020,368,https://attorneygeneral.nd.gov/sites/ag/files/documents/DataBreach/2020-01-21-UPS-Store.pdf
"Hanna Andersson, LLC",,9/16/2019,11/11/2019,1/15/2020,374,https://attorneygeneral.nd.gov/sites/ag/files/documents/DataBreach/2020-01-15-HannaAndersson.pdf
"Wawa, Inc.",,3/4/2019,12/12/2019,12/27/2019,Unknown,https://attorneygeneral.nd.gov/sites/ag/files/documents/DataBreach/2019-12-27-Wawa.pdf
Veracity Insurance Solutions,,9/19/2019,10/4/2019,12/26/2019,1,https://attorneygeneral.nd.gov/sites/ag/files/documents/DataBreach/2019-12-26-VeracityInsuranceSolutions.pdf
Jambav,ToonDoo.com,11/11/2019,,12/23/2019,8850,https://attorneygeneral.nd.gov/sites/ag/files/documents/DataBreach/2019-12-23-Jambav.pdf
"Choice Hotels International, Inc.",,1/1/2015,11/12/2019,12/4/2019,430,https://attorneygeneral.nd.gov/sites/ag/files/documents/DataBreach/2019-12-03-ChoiceHotels.pdf
Westminster Financial,,10/8/2019,,11/18/2019,1,https://attorneygeneral.nd.gov/sites/ag/files/documents/DataBreach/2019-11-18-WestminsterFinancial.pdf
Brighthouse Life Insurance Company,,7/9/2019,,11/14/2019,8,https://attorneygeneral.nd.gov/sites/ag/files/documents/DataBreach/2019-11-14-Brighthouse.pdf
"Memorial Suites Tax Services, Inc.",,10/25/2019,,10/30/2019,Unknown,https://attorneygeneral.nd.gov/sites/ag/files/documents/DataBreach/2019-10-30-MemorialSuitesTaxSvcs.pdf
Youth for Christ USA Inc.,,7/30/2019,,10/22/2019,1,https://attorneygeneral.nd.gov/sites/ag/files/documents/DataBreach/2019-10-22-YouthForChristUSA.pdf
Kalispell Regional Healthcare,,5/24/2019,,10/22/2019,258,https://attorneygeneral.nd.gov/sites/ag/files/documents/DataBreach/2019-10-22-KalispellRegionalHealthcare.pdf
Eyebuydirect.com,Eye Buy Direct,2/24/2019,,10/22/2019,250,https://attorneygeneral.nd.gov/sites/ag/files/documents/DataBreach/2019-10-21-EyeBuyDirect.pdf
CenturyLink,,7/10/2019,,10/18/2019,250,https://attorneygeneral.nd.gov/sites/ag/files/documents/DataBreach/2019-10-18-CenturyLink.pdf
Art.com,,9/19/2019,,10/11/2019,2,https://attorneygeneral.nd.gov/sites/ag/files/documents/DataBreach/2019-10-11-Art-Com.pdf
"Leafly Holdings, Inc.",,1/1/2015,12/31/2016,10/10/2019,2,https://attorneygeneral.nd.gov/sites/ag/files/documents/DataBreach/2019-10-10-LeaflyHoldings.pdf
McAlister's Corporation,"Moe's Stores, LLC, Schlotzky's Stores, LLC",4/11/2019,7/22/2019,10/2/2019,250,https://attorneygeneral.nd.gov/sites/ag/files/documents/DataBreach/2019-10-02-McAlistersCorporation.pdf
Amateur Athletic Union,AAU,10/1/2018,7/2/2019,9/17/2019,595,https://attorneygeneral.nd.gov/sites/ag/files/documents/DataBreach/2019-09-17-AmateurAthleticUnion.pdf
Fellowship of Christian University Students,,11/9/2018,1/16/2019,9/13/2019,509,https://attorneygeneral.nd.gov/sites/ag/files/documents/DataBreach/2019-09-13-FellowshipOfChristianUniveristyStudents.pdf
"Weaver Fundraising, LLC",Trail's End,7/31/2019,,9/12/2019,Unknown,https://attorneygeneral.nd.gov/sites/ag/files/documents/DataBreach/2019-09-12-WeaverFundraisingdbaTrailsEnd.pdf
MGM Resorts,,7/7/2019,,9/9/2019,45514,https://attorneygeneral.nd.gov/sites/ag/files/documents/DataBreach/2019-09-09-MGMResorts.pdf
"CafePress, Inc.",,2/19/2019,,9/5/2019,35090,https://attorneygeneral.nd.gov/sites/ag/files/documents/DataBreach/2019-09-05-CafePress.pdf
"Corporate Creations International, Inc.",,7/1/2019,7/24/2019,9/4/2019,1,https://attorneygeneral.nd.gov/sites/ag/files/documents/DataBreach/2019-09-04-CorporateCreationsInt.pdf
Gavilon Grain LLC,,12/1/2015,12/31/2015,9/4/2019,5,https://attorneygeneral.nd.gov/sites/ag/files/documents/DataBreach/2019-09-04-GavilonGrain.pdf
Pearson Clinical Assessment,"Aimsweb, Dakota Prairie School District",9/1/2018,5/31/2019,8/28/2019,Unknown,https://attorneygeneral.nd.gov/sites/ag/files/documents/DataBreach/2019-08-28-DakotaPrairieSchool.pdf
The Rural Broadband Association,,4/3/2019,,8/26/2019,936,https://attorneygeneral.nd.gov/sites/ag/files/documents/DataBreach/2019-09-26-TheRuralBroadbandAssoc.pdf
New York Athletic Club,,6/7/2019,,8/21/2019,7,https://attorneygeneral.nd.gov/sites/ag/files/documents/DataBreach/2019-08-21-NYAthleticClub.pdf
Georgia Institute of Technology,Georgia Tech,12/14/2018,3/22/2019,8/19/2019,272,https://attorneygeneral.nd.gov/sites/ag/files/documents/DataBreach/2019-08-19-GeorgiaTech.pdf
Pearson Clinical Assessment,"Aimsweb, Mandan Public Schools",9/1/2018,5/31/2019,8/12/2019,Unknown,https://attorneygeneral.nd.gov/sites/ag/files/documents/DataBreach/2019-08-12-MandanPublicSchools-Aimsweb.pdf
Pearson Clinical Assessment,"Aimsweb, Bismarck Public Schools",9/1/2018,5/31/2019,8/12/2019,Unknown,https://attorneygeneral.nd.gov/sites/ag/files/documents/DataBreach/2019-08-12-BismarckPublicSchools-Aimsweb.pdf
Cable One,,1/1/2019,,8/8/2019,654,https://attorneygeneral.nd.gov/sites/ag/files/documents/DataBreach/2019-08-09-CableOne.pdf
Dallas Computer Services,,6/24/2019,,7/9/2019,2,https://attorneygeneral.nd.gov/sites/ag/files/documents/DataBreach/2019-07-19-DallasComputerServicesInc.pdf
Toyota & Lexus Financial Services,,5/24/2019,5/28/2019,7/1/2019,2,https://attorneygeneral.nd.gov/sites/ag/files/documents/DataBreach/2019-07-02-Toyota-LexusFinancialServices.pdf
"PAR Electrical Contractors, Inc.",,9/1/2018,,6/28/2019,1,https://attorneygeneral.nd.gov/sites/ag/files/documents/DataBreach/2019-06-28-ElectricalContractorsInc.pdf
"Ifficient, Inc.",Ifficient Interactive,5/1/2018,,6/25/2019,12627,https://attorneygeneral.nd.gov/sites/ag/files/documents/DataBreach/2019-06-25-IfficientInc.pdf
Oklahoma Department of Securities,,12/11/2018,,6/24/2019,261,https://attorneygeneral.nd.gov/sites/ag/files/documents/DataBreach/2019-06-24-OK-DeptofSecurities.pdf
TenX Systems,ResiDex Software,4/2/2019,,6/20/2019,270,https://attorneygeneral.nd.gov/sites/ag/files/documents/DataBreach/2019-06-20-ResiDexSoftware.pdf
"Evite, Inc.",,2/22/2019,,6/7/2019,Unknown,https://attorneygeneral.nd.gov/sites/ag/files/documents/DataBreach/2019-06-06-Evite.pdf
"Carlson Building Maintenance, Inc.",,6/8/2018,11/2/2018,6/7/2019,383,https://attorneygeneral.nd.gov/sites/ag/files/documents/DataBreach/2019-05-31-CarlsonBuildingMaintenance.pdf
"Retrieval-Masters Creditors Bureau, Inc.",,8/1/2018,3/30/2019,6/4/2019,2058,https://attorneygeneral.nd.gov/sites/ag/files/documents/DataBreach/2019-06-04-RetrievalMastersCreditorsBureau.pdf
"Retrieval-Masters Creditors Bureau, Inc.",,8/1/2018,3/30/2019,6/4/2019,2058,https://attorneygeneral.nd.gov/sites/ag/files/documents/DataBreach/2019-06-04-RetrievalMastersCreditorsBureau.pdf
"Mediant Communications, Inc.",,4/1/2019,,6/3/2019,834,https://attorneygeneral.nd.gov/sites/ag/files/documents/DataBreach/2019-06-03-MediantCommunicationsInc.pdf
Jackson National Life Insurance Company,,4/1/2019,,6/3/2019,312,https://attorneygeneral.nd.gov/sites/ag/files/documents/DataBreach/2019-06-01-JacksonNationalLifeInsuranceCo.pdf
"Mediant Communications, Inc.",,4/1/2019,,6/3/2019,834,https://attorneygeneral.nd.gov/sites/ag/files/documents/DataBreach/2019-06-03-MediantCommunicationsInc.pdf
Jackson National Life Insurance Company,,4/1/2019,,6/3/2019,312,https://attorneygeneral.nd.gov/sites/ag/files/documents/DataBreach/2019-06-01-JacksonNationalLifeInsuranceCo.pdf
"Discovery Communications, Inc.",,1/1/2018,4/30/2019,5/31/2019,Unknown,https://attorneygeneral.nd.gov/sites/ag/files/documents/DataBreach/2019-05-31-DiscoverCommunications.pdf
"Discovery Communications, Inc.",,1/1/2018,4/30/2019,5/31/2019,Unknown,https://attorneygeneral.nd.gov/sites/ag/files/documents/DataBreach/2019-05-31-DiscoverCommunications.pdf
"Drury Hotels, LLC",,12/29/2017,3/13/2019,5/29/2019,Unknown,https://attorneygeneral.nd.gov/sites/ag/files/documents/DataBreach/2019-05-24-DruryHotelsCompany.pdf
"Drury Hotels, LLC",,12/29/2017,3/13/2019,5/29/2019,Unknown,https://attorneygeneral.nd.gov/sites/ag/files/documents/DataBreach/2019-05-24-DruryHotelsCompany.pdf
St. Francis College,,4/23/2019,,5/22/2019,1,https://attorneygeneral.nd.gov/sites/ag/files/documents/DataBreach/2019-05-20-StFrancisCollege.pdf
St. Francis College,,4/23/2019,,5/22/2019,1,https://attorneygeneral.nd.gov/sites/ag/files/documents/DataBreach/2019-05-20-StFrancisCollege.pdf
"Tim Couch PC, CPA",,4/2/2019,,5/20/2019,1,https://attorneygeneral.nd.gov/sites/ag/files/documents/DataBreach/2019-05-02-TimCouchPC-CPA.pdf
"Tim Couch PC, CPA",,4/2/2019,,5/20/2019,1,https://attorneygeneral.nd.gov/sites/ag/files/documents/DataBreach/2019-05-02-TimCouchPC-CPA.pdf
CVS Health,CVS Pharmacy,4/8/2019,,5/8/2019,1126,https://attorneygeneral.nd.gov/sites/ag/files/documents/DataBreach/2019-05-08-CVSHealth.pdf
CVS Health,CVS Pharmacy,4/8/2019,,5/8/2019,1126,https://attorneygeneral.nd.gov/sites/ag/files/documents/DataBreach/2019-05-08-CVSHealth.pdf
TV Time,,2/1/2019,2/28/2019,5/2/2019,Unknown,https://attorneygeneral.nd.gov/sites/ag/files/documents/DataBreach/2019-05-02-TVTime.pdf
TV Time,,2/1/2019,2/28/2019,5/2/2019,Unknown,https://attorneygeneral.nd.gov/sites/ag/files/documents/DataBreach/2019-05-02-TVTime.pdf
Immediate Health Group Corp.,,1/1/2019,1/31/2019,5/1/2019,685,https://attorneygeneral.nd.gov/sites/ag/files/documents/DataBreach/2019-05-01-InmediateHealthGroupCorp.pdf
Village Hat Shop,,2/14/2019,,5/1/2019,2,https://attorneygeneral.nd.gov/sites/ag/files/documents/DataBreach/2019-05-01-VillageHatShop.pdf
Village Hat Shop,,2/14/2019,,5/1/2019,2,https://attorneygeneral.nd.gov/sites/ag/files/documents/DataBreach/2019-05-01-VillageHatShop.pdf
Lancaster Archery,,7/4/2018,2/16/2019,4/29/2019,309,https://attorneygeneral.nd.gov/sites/ag/files/documents/DataBreach/2019-04-29-LancasterArchery.pdf
Daryls Anderson Ltd,,3/1/2019,3/31/2019,4/26/2019,626,https://attorneygeneral.nd.gov/sites/ag/files/documents/DataBreach/2019-04-26-DarlysAndersonLtd.pdf
"Vitalize, Inc.",Bodybuilding.com,7/1/2018,2/1/2019,4/22/2019,Unknown,https://attorneygeneral.nd.gov/sites/ag/files/documents/DataBreach/2019-04-22-VitalizeLLC.pdf
Merrick Bank,,3/8/2019,,4/19/2019,3,https://attorneygeneral.nd.gov/sites/ag/files/documents/DataBreach/2019-04-16-MerrickBank.pdf
"Assemblers, Inc.",,2/12/2019,,4/19/2019,27,https://attorneygeneral.nd.gov/sites/ag/files/documents/DataBreach/2019-04-19-Assemblers.pdf
"America Juice Co, LLC",,11/1/2018,,4/9/2019,3,https://attorneygeneral.nd.gov/sites/ag/files/documents/DataBreach/2019-04-09-AmericaJuiceCoLLC.pdf
"Key West Hotels, LLC",The Key Ambassador Resort Inn,2/7/2018,2/13/2018,4/2/2019,Unknown,https://attorneygeneral.nd.gov/sites/ag/files/documents/DataBreach/2019-04-02-KeyWestHotelsLLC.pdf
Earl Enterprises,,5/23/2018,3/18/2019,4/1/2019,Unknown,https://attorneygeneral.nd.gov/sites/ag/files/documents/DataBreach/2019-04-01-EarlEnterprises.pdf
"Eye Buy Direct, Inc.",,2/24/2019,,3/22/2019,2054,https://attorneygeneral.nd.gov/sites/ag/files/documents/DataBreach/2019-03-22-EyeBuyDirect.pdf
"CHS, Inc.",,2/6/2019,,3/11/2019,Unknown,https://attorneygeneral.nd.gov/sites/ag/files/documents/DataBreach/2019-03-11-CHSInc.pdf
OnCourse Learning Corporation,OCL,6/11/2018,2/26/2019,3/11/2019,16,https://attorneygeneral.nd.gov/sites/ag/files/documents/DataBreach/2019-03-12-OnCourseLearningCorporation.pdf
"TEMPTU, Inc.",,11/1/2018,11/28/2018,3/8/2019,2,https://attorneygeneral.nd.gov/sites/ag/files/documents/DataBreach/2019-03-08-TEMPTU.pdf
"Share This, Inc.",,7/1/2018,,3/1/2019,250,https://attorneygeneral.nd.gov/sites/ag/files/documents/DataBreach/2019-03-01-ShareThis.pdf
"North Country Business Products, Inc.",,1/3/2019,1/24/2019,2/15/2019,Unknown,https://attorneygeneral.nd.gov/sites/ag/files/documents/DataBreach/2019-02-15-NorthCountryBusinessProducts.pdf
"Huddle House, Inc.",,8/1/2017,2/5/2019,2/5/2019,250,https://attorneygeneral.nd.gov/sites/ag/files/documents/DataBreach/2019-02-05-HuddleHouse.pdf
Stanwich Mortgage Loan Trust A and C,,2/1/2018,1/1/2019,2/5/2019,60,https://attorneygeneral.nd.gov/sites/ag/files/documents/DataBreach/2019-02-13-StanwichMortgageLoanTrustAandC.pdf
"Image-I-Nation Technologies, Inc.",,11/1/2018,11/15/2018,2/4/2019,885,https://attorneygeneral.nd.gov/sites/ag/files/documents/DataBreach/2019-02-04-ImageINationTechnologies.pdf
"Prime Life Fibers, Inc.",,11/6/2018,12/7/2018,1/23/2019,2,https://attorneygeneral.nd.gov/sites/ag/files/documents/DataBreach/2019-01-23-PrimeLife.pdf
Aimbridge Hospitality,,6/8/2018,9/24/2018,1/2/2019,1096,https://attorneygeneral.nd.gov/sites/ag/files/documents/DataBreach/2019-01-01-AimbridgeHospitality.PDF
